mode,n_slots,nt,nd,J,h_mean,h_se,n_seeds
slot_delta,16,8,10,40,14.035466666666666,2.895102699216577,3
slot_delta,16,8,10,80,16.70399,3.5036099338682103,3
slot_delta,16,8,10,160,15.946710000000001,3.2382312056018074,3
slot_delta,32,8,10,40,4.857906666666667,2.513510004955443,3
slot_delta,32,8,10,80,5.395403333333333,2.7610370487694973,3
slot_delta,32,8,10,160,5.44732,2.8712312214855378,3
slot_delta,64,8,10,40,2.623443333333333,1.741093859927654,3
slot_delta,64,8,10,80,2.3507466666666668,1.2841922258801879,3
slot_delta,64,8,10,160,2.4682433333333336,1.4783467775450312,3
slot_delta,16,8,20,40,12.61087,3.0121573661137515,3
slot_delta,16,8,20,80,15.208496666666667,3.9074062693485625,3
slot_delta,16,8,20,160,14.663176666666667,3.7309065516633413,3
slot_delta,32,8,20,40,4.512616666666667,2.331689868888609,3
slot_delta,32,8,20,80,4.522856666666667,2.325110020080292,3
slot_delta,32,8,20,160,4.44375,2.39628120890127,3
slot_delta,64,8,20,40,2.431906666666667,1.3499813510604919,3
slot_delta,64,8,20,80,2.3457133333333333,1.0299523690658925,3
slot_delta,64,8,20,160,2.429396666666667,1.1460107556408203,3
slot_delta,16,8,50,40,10.298333333333334,2.24840104215072,3
slot_delta,16,8,50,80,11.268826666666667,2.997743504178509,3
slot_delta,16,8,50,160,11.50609,2.423250157481339,3
slot_delta,32,8,50,40,7.474043333333334,4.851143485428062,3
slot_delta,32,8,50,80,7.821766666666666,4.964631299644628,3
slot_delta,32,8,50,160,7.543493333333333,5.059778706314909,3
slot_delta,64,8,50,40,2.795,1.4569773642373445,3
slot_delta,64,8,50,80,2.656416666666667,1.0217427624950965,3
slot_delta,64,8,50,160,2.776923333333333,1.2343853967370877,3
slot_delta,16,16,10,40,7.691426666666666,2.534820881326945,3
slot_delta,16,16,10,80,8.356436666666667,2.7902380839953027,3
slot_delta,16,16,10,160,8.118096666666666,2.571821825829136,3
slot_delta,32,16,10,40,6.097086666666667,0.891144971863601,3
slot_delta,32,16,10,80,7.2410266666666665,1.5636483022122052,3
slot_delta,32,16,10,160,7.145333333333333,1.336044190939972,3
slot_delta,64,16,10,40,3.6990166666666666,1.5457190748465401,3
slot_delta,64,16,10,80,3.924726666666667,1.582037398897735,3
slot_delta,64,16,10,160,3.7973166666666667,1.6806752366864666,3
slot_delta,16,16,20,40,14.973533333333334,3.7926699842034464,3
slot_delta,16,16,20,80,16.622633333333333,4.502925153565303,3
slot_delta,16,16,20,160,15.73149,3.4070330723715228,3
slot_delta,32,16,20,40,9.573023333333333,2.8043893759149143,3
slot_delta,32,16,20,80,9.663166666666667,3.019201355272248,3
slot_delta,32,16,20,160,9.73261,2.904775250864227,3
slot_delta,64,16,20,40,3.317593333333333,0.8269013015737998,3
slot_delta,64,16,20,80,3.36527,0.6696068471374328,3
slot_delta,64,16,20,160,3.1803399999999997,0.6524094553524904,3
slot_delta,16,16,50,40,13.221366666666666,0.802481617013402,3
slot_delta,16,16,50,80,14.265076666666666,1.666191923572365,3
slot_delta,16,16,50,160,13.992633333333336,1.5235188272038012,3
slot_delta,32,16,50,40,5.394073333333334,1.605710885665425,3
slot_delta,32,16,50,80,5.833386666666667,1.9725478606135542,3
slot_delta,32,16,50,160,5.935393333333334,2.1714738614155853,3
slot_delta,64,16,50,40,3.77884,1.9096500480018146,3
slot_delta,64,16,50,80,3.92722,1.8946078640271007,3
slot_delta,64,16,50,160,3.7085633333333337,1.8119242829041664,3
slot_delta,16,32,10,40,13.530443333333332,4.98307598067142,3
slot_delta,16,32,10,80,14.53506,5.195659824237918,3
slot_delta,16,32,10,160,14.55086,4.802320680577257,3
slot_delta,32,32,10,40,8.136236666666667,2.3388143604351708,3
slot_delta,32,32,10,80,8.537056666666667,2.4256811706015924,3
slot_delta,32,32,10,160,8.349276666666666,2.8511343049526405,3
slot_delta,64,32,10,40,4.029076666666667,1.6027791667115108,3
slot_delta,64,32,10,80,3.952386666666667,1.439565115238318,3
slot_delta,64,32,10,160,3.6258866666666667,1.3910395616388647,3
slot_delta,16,32,20,40,16.218646666666668,8.957667040700075,3
slot_delta,16,32,20,80,17.09602,9.170045609815691,3
slot_delta,16,32,20,160,16.44427,8.32417269099058,3
slot_delta,32,32,20,40,5.42968,1.3819003736280462,3
slot_delta,32,32,20,80,5.553916666666667,1.4841863604046195,3
slot_delta,32,32,20,160,5.233413333333334,1.2896079132089378,3
slot_delta,64,32,20,40,3.4358000000000004,1.3685119227467477,3
slot_delta,64,32,20,80,3.3911700000000002,1.209840824282269,3
slot_delta,64,32,20,160,3.1258966666666663,1.1523019749807097,3
slot_delta,16,32,50,40,15.81394,4.446526002364093,3
slot_delta,16,32,50,80,16.9505,5.062510455390027,3
slot_delta,16,32,50,160,16.682173333333335,4.555786330709307,3
slot_delta,32,32,50,40,5.7457633333333336,0.5255585871030723,3
slot_delta,32,32,50,80,6.350023333333333,0.657840776007217,3
slot_delta,32,32,50,160,6.101283333333334,0.9259635974546251,3
slot_delta,64,32,50,40,4.476783333333334,1.1974806074467808,3
slot_delta,64,32,50,80,4.32425,0.8894160696397011,3
slot_delta,64,32,50,160,4.025523333333333,0.977882602451735,3
slot_dense_update,16,8,10,40,151.62401333333332,1.8113383364272688,3
slot_dense_update,16,8,10,80,158.97092666666666,12.410149189264853,3
slot_dense_update,16,8,10,160,148.69583666666665,2.814792208259391,3
slot_dense_update,32,8,10,40,144.55101666666667,3.081283418135656,3
slot_dense_update,32,8,10,80,148.90384666666668,8.91851179030137,3
slot_dense_update,32,8,10,160,145.64059333333333,1.3351327694943957,3
slot_dense_update,64,8,10,40,136.12038333333334,7.972721963926613,3
slot_dense_update,64,8,10,80,140.90056333333334,11.563871306409943,3
slot_dense_update,64,8,10,160,137.67525333333333,7.373739028327343,3
slot_dense_update,16,8,20,40,149.70114333333333,1.0335912746718452,3
slot_dense_update,16,8,20,80,152.68988333333334,6.399204350709893,3
slot_dense_update,16,8,20,160,149.72287,2.1919899722170295,3
slot_dense_update,32,8,20,40,144.95407,2.7678748475379686,3
slot_dense_update,32,8,20,80,149.22362,8.66186322087229,3
slot_dense_update,32,8,20,160,145.92828666666665,1.1208311962457915,3
slot_dense_update,64,8,20,40,137.1662433333333,8.033229882295856,3
slot_dense_update,64,8,20,80,141.63632666666666,11.284654534191304,3
slot_dense_update,64,8,20,160,139.37049666666667,8.01812101525317,3
slot_dense_update,16,8,50,40,150.97786333333332,1.2198677711994457,3
slot_dense_update,16,8,50,80,158.14191666666667,11.71469071873764,3
slot_dense_update,16,8,50,160,148.65000666666666,2.7570047932332464,3
slot_dense_update,32,8,50,40,143.24125666666666,4.433919375918377,3
slot_dense_update,32,8,50,80,147.80997333333335,9.979806049420219,3
slot_dense_update,32,8,50,160,144.33701,2.558393557182575,3
slot_dense_update,64,8,50,40,137.49651333333335,7.878704017967963,3
slot_dense_update,64,8,50,80,142.0358666666667,11.09050625570257,3
slot_dense_update,64,8,50,160,139.06591333333333,7.506211028933159,3
slot_dense_update,16,16,10,40,153.70049666666668,1.6125501583344453,3
slot_dense_update,16,16,10,80,160.76551666666668,2.2130255896195856,3
slot_dense_update,16,16,10,160,153.24951333333334,4.438801023573569,3
slot_dense_update,32,16,10,40,150.34529,5.310140317508888,3
slot_dense_update,32,16,10,80,157.50831333333335,4.638228506460678,3
slot_dense_update,32,16,10,160,150.09930666666665,1.6598325342870492,3
slot_dense_update,64,16,10,40,140.74875333333333,8.351221157885297,3
slot_dense_update,64,16,10,80,147.23866999999998,11.14271081356776,3
slot_dense_update,64,16,10,160,141.30922,10.249948975874627,3
slot_dense_update,16,16,20,40,154.45228999999998,1.76904790908367,3
slot_dense_update,16,16,20,80,162.49306666666666,3.8453620968006574,3
slot_dense_update,16,16,20,160,153.00748666666667,4.7704771749352,3
slot_dense_update,32,16,20,40,151.36207,4.438469817654885,3
slot_dense_update,32,16,20,80,158.34448999999998,3.952344319126729,3
slot_dense_update,32,16,20,160,150.98150333333334,2.2241388648518376,3
slot_dense_update,64,16,20,40,140.85701666666668,8.234601817933342,3
slot_dense_update,64,16,20,80,147.51482000000001,11.055262519706774,3
slot_dense_update,64,16,20,160,141.33858999999998,10.071106559048015,3
slot_dense_update,16,16,50,40,153.59574,1.668414944680535,3
slot_dense_update,16,16,50,80,160.82495,2.416625645171381,3
slot_dense_update,16,16,50,160,153.13764,4.4466203381257285,3
slot_dense_update,32,16,50,40,150.97492666666668,4.91594119792719,3
slot_dense_update,32,16,50,80,157.97821333333331,4.336196142497606,3
slot_dense_update,32,16,50,160,150.55124,1.872636330871537,3
slot_dense_update,64,16,50,40,141.35937333333334,7.757237971463237,3
slot_dense_update,64,16,50,80,148.00160666666667,10.605466080322817,3
slot_dense_update,64,16,50,160,141.84369,9.663651978958754,3
slot_dense_update,16,32,10,40,160.63978666666665,4.235295161797399,3
slot_dense_update,16,32,10,80,161.59976,2.321181738518833,3
slot_dense_update,16,32,10,160,153.87938333333332,2.405088714180368,3
slot_dense_update,32,32,10,40,153.89392333333333,7.359044003719362,3
slot_dense_update,32,32,10,80,155.59804333333332,5.575717893928797,3
slot_dense_update,32,32,10,160,149.22815,1.8723492833959456,3
slot_dense_update,64,32,10,40,141.90656333333334,12.31345944454865,3
slot_dense_update,64,32,10,80,144.19348666666667,11.23309161364661,3
slot_dense_update,64,32,10,160,138.63196,11.255121515480553,3
slot_dense_update,16,32,20,40,161.29331,4.717942385217661,3
slot_dense_update,16,32,20,80,162.60315333333332,2.9316927150842007,3
slot_dense_update,16,32,20,160,154.60835999999998,2.405308257174812,3
slot_dense_update,32,32,20,40,153.81587333333334,7.309866159796933,3
slot_dense_update,32,32,20,80,155.52388,5.561500719688888,3
slot_dense_update,32,32,20,160,149.20372666666665,1.8072371929950002,3
slot_dense_update,64,32,20,40,141.73422333333335,12.532319678080793,3
slot_dense_update,64,32,20,80,144.02883,11.495372292432867,3
slot_dense_update,64,32,20,160,138.44847000000001,11.530305369331435,3
slot_dense_update,16,32,50,40,160.32906666666668,4.554697390095688,3
slot_dense_update,16,32,50,80,161.55829,2.4266362250105247,3
slot_dense_update,16,32,50,160,153.66836333333333,2.2921831647095234,3
slot_dense_update,32,32,50,40,153.82512666666668,7.3240335663948,3
slot_dense_update,32,32,50,80,155.60474333333335,5.56067465120715,3
slot_dense_update,32,32,50,160,149.27688666666666,1.8625198937132932,3
slot_dense_update,64,32,50,40,142.20408333333333,12.155491053853444,3
slot_dense_update,64,32,50,80,144.47004666666666,11.102801442039048,3
slot_dense_update,64,32,50,160,138.85999333333334,11.141380413085166,3
dense_jepa_flatten,,8,10,40,146.81120666666666,0.44666787998591795,3
dense_jepa_flatten,,8,10,80,150.60410666666667,7.158361717677531,3
dense_jepa_flatten,,8,10,160,147.66409,0.9686101073875576,3
dense_jepa_flatten,,8,20,40,146.23288333333332,0.9269939492131453,3
dense_jepa_flatten,,8,20,80,149.63935333333333,7.106183087746733,3
dense_jepa_flatten,,8,20,160,147.9548133333333,1.1210233264051364,3
dense_jepa_flatten,,8,50,40,145.37651666666667,1.7956340273223181,3
dense_jepa_flatten,,8,50,80,150.00015666666667,7.471965035487282,3
dense_jepa_flatten,,8,50,160,148.56831,1.3513757668514408,3
dense_jepa_flatten,,16,10,40,150.0536033333333,1.5310526500889647,3
dense_jepa_flatten,,16,10,80,157.93771333333333,1.9769776692494823,3
dense_jepa_flatten,,16,10,160,149.56389666666666,3.800298644941529,3
dense_jepa_flatten,,16,20,40,150.19905666666668,1.3697434112798075,3
dense_jepa_flatten,,16,20,80,156.63027666666667,1.807956914543165,3
dense_jepa_flatten,,16,20,160,148.39209333333335,3.8495546911572958,3
dense_jepa_flatten,,16,50,40,149.20405666666667,1.7195251348587877,3
dense_jepa_flatten,,16,50,80,157.28852333333333,1.9975499574423123,3
dense_jepa_flatten,,16,50,160,148.04605,3.708263920745128,3
dense_jepa_flatten,,32,10,40,154.12926666666667,3.9182000850787446,3
dense_jepa_flatten,,32,10,80,155.9114,0.9327913541623387,3
dense_jepa_flatten,,32,10,160,148.90884666666668,1.9207868408574402,3
dense_jepa_flatten,,32,20,40,153.74192666666667,3.486608763083567,3
dense_jepa_flatten,,32,20,80,155.10938,0.5340247908415277,3
dense_jepa_flatten,,32,20,160,148.37305999999998,2.3008572771324456,3
dense_jepa_flatten,,32,50,40,152.40627666666668,4.069564188805865,3
dense_jepa_flatten,,32,50,80,153.80613666666667,0.7905688266544357,3
dense_jepa_flatten,,32,50,160,147.24539000000001,2.054266227983438,3
copy,,8,10,40,148.31569666666667,0.07134424184504626,3
copy,,8,10,80,152.53592,6.868849882348085,3
copy,,8,10,160,149.42421333333334,1.8401747133567945,3
copy,,8,20,40,148.31620999999998,0.07070811905290798,3
copy,,8,20,80,152.53054,6.871790819306126,3
copy,,8,20,160,149.42515666666665,1.8427293649125789,3
copy,,8,50,40,148.32083,0.06857659732007933,3
copy,,8,50,80,152.53500666666665,6.871123976396522,3
copy,,8,50,160,149.4250966666667,1.841186198933841,3
copy,,16,10,40,153.10868333333335,2.157367181484049,3
copy,,16,10,80,160.55996000000002,2.322986222752946,3
copy,,16,10,160,153.19874000000002,4.167700389987268,3
copy,,16,20,40,153.10869333333332,2.1585145016448486,3
copy,,16,20,80,160.5586033333333,2.323050570782112,3
copy,,16,20,160,153.20027666666667,4.167330654657059,3
copy,,16,50,40,153.11039666666667,2.160972713805316,3
copy,,16,50,80,160.55731666666668,2.3246762006017994,3
copy,,16,50,160,153.19889,4.166884468196831,3
copy,,32,10,40,157.60371999999998,3.4062735739563457,3
copy,,32,10,80,159.99455,1.400278137454604,3
copy,,32,10,160,153.27095,2.3339390933141364,3
copy,,32,20,40,157.60295666666667,3.4059231565334964,3
copy,,32,20,80,159.9946633333333,1.3996949921361779,3
copy,,32,20,160,153.26996,2.3337188654163104,3
copy,,32,50,40,157.59947666666667,3.407359109253251,3
copy,,32,50,80,159.99222333333333,1.3997266819434606,3
copy,,32,50,160,153.27038333333334,2.3332953035734194,3
